flight_id,bookings,no_shows,no_show_rate
LA1000,143,8,0.055944055944055944
LA1001,170,15,0.08823529411764706
LA1002,166,13,0.0783132530120482
LA1003,157,11,0.07006369426751592
LA1004,157,11,0.07006369426751592
LA1005,174,15,0.08620689655172414
LA1006,143,10,0.06993006993006994
LA1007,167,9,0.05389221556886228
LA1008,148,8,0.05405405405405406
LA1009,143,17,0.11888111888111888
LA1010,161,18,0.11180124223602485
LA1011,179,16,0.0893854748603352
LA1012,169,11,0.0650887573964497
LA1013,170,21,0.12352941176470589
LA1014,168,16,0.09523809523809523
LA1015,171,16,0.0935672514619883
LA1016,160,12,0.075
LA1017,145,10,0.06896551724137931
LA1018,173,9,0.05202312138728324
LA1019,158,17,0.10759493670886076
LA1020,160,12,0.075
LA1021,154,9,0.05844155844155844
LA1022,147,10,0.06802721088435375
LA1023,177,15,0.0847457627118644
LA1024,171,10,0.05847953216374269
LA1025,165,17,0.10303030303030303
LA1026,156,15,0.09615384615384616
LA1027,172,16,0.09302325581395349
LA1028,161,12,0.07453416149068323
LA1029,157,14,0.08917197452229299
LA1030,158,13,0.08227848101265822
LA1031,149,13,0.087248322147651
LA1032,143,7,0.04895104895104895
LA1033,162,12,0.07407407407407407
LA1034,175,8,0.045714285714285714
LA1035,142,11,0.07746478873239436
LA1036,174,12,0.06896551724137931
LA1037,173,10,0.057803468208092484
LA1038,151,8,0.052980132450331126
LA1039,165,14,0.08484848484848485
LA1040,146,9,0.06164383561643835
LA1041,170,19,0.11176470588235295
LA1042,168,14,0.08333333333333333
LA1043,154,11,0.07142857142857142
LA1044,142,12,0.08450704225352113
LA1045,178,7,0.03932584269662921
LA1046,157,19,0.12101910828025478
LA1047,175,14,0.08
LA1048,167,16,0.09580838323353294
LA1049,171,9,0.05263157894736842
LA1050,170,13,0.07647058823529412
LA1051,147,12,0.08163265306122448
LA1052,154,18,0.11688311688311688
LA1053,158,13,0.08227848101265822
LA1054,159,12,0.07547169811320754
LA1055,141,9,0.06382978723404255
LA1056,161,11,0.06832298136645963
LA1057,146,12,0.0821917808219178
LA1058,169,13,0.07692307692307693
LA1059,167,7,0.041916167664670656
LA1060,176,17,0.09659090909090909
LA1061,169,18,0.10650887573964497
LA1062,154,9,0.05844155844155844
LA1063,178,15,0.08426966292134831
LA1064,156,8,0.05128205128205128
LA1065,153,14,0.0915032679738562
LA1066,176,12,0.06818181818181818
LA1067,154,14,0.09090909090909091
LA1068,143,13,0.09090909090909091
LA1069,158,15,0.0949367088607595
LA1070,171,9,0.05263157894736842
LA1071,147,16,0.10884353741496598
LA1072,158,10,0.06329113924050633
LA1073,145,6,0.041379310344827586
LA1074,167,14,0.08383233532934131
LA1075,159,11,0.06918238993710692
LA1076,153,15,0.09803921568627451
LA1077,149,15,0.10067114093959731
LA1078,162,11,0.06790123456790123
LA1079,166,19,0.1144578313253012
LA1080,177,12,0.06779661016949153
LA1081,157,13,0.08280254777070063
LA1082,146,9,0.06164383561643835
LA1083,173,19,0.10982658959537572
LA1084,165,10,0.06060606060606061
LA1085,168,8,0.047619047619047616
LA1086,143,11,0.07692307692307693
LA1087,152,21,0.13815789473684212
LA1088,170,18,0.10588235294117647
LA1089,173,16,0.09248554913294797
LA1090,157,17,0.10828025477707007
LA1091,172,18,0.10465116279069768
LA1092,173,14,0.08092485549132948
LA1093,155,11,0.07096774193548387
LA1094,175,17,0.09714285714285714
LA1095,151,13,0.08609271523178808
LA1096,149,11,0.0738255033557047
LA1097,167,9,0.05389221556886228
LA1098,165,15,0.09090909090909091
LA1099,145,9,0.06206896551724138
LA1100,173,19,0.10982658959537572
LA1101,147,9,0.061224489795918366
LA1102,172,10,0.05813953488372093
LA1103,140,14,0.1
LA1104,171,10,0.05847953216374269
LA1105,171,10,0.05847953216374269
LA1106,171,14,0.08187134502923976
LA1107,166,17,0.10240963855421686
LA1108,158,10,0.06329113924050633
LA1109,168,12,0.07142857142857142
LA1110,151,15,0.09933774834437085
LA1111,171,21,0.12280701754385964
LA1112,162,13,0.08024691358024691
LA1113,158,9,0.056962025316455694
LA1114,160,6,0.0375
LA1115,162,10,0.06172839506172839
LA1116,141,8,0.05673758865248227
LA1117,145,13,0.0896551724137931
LA1118,149,8,0.053691275167785234
LA1119,144,11,0.0763888888888889
LA1120,157,14,0.08917197452229299
LA1121,166,14,0.08433734939759036
LA1122,166,10,0.060240963855421686
LA1123,158,16,0.10126582278481013
LA1124,174,16,0.09195402298850575
LA1125,162,15,0.09259259259259259
LA1126,143,8,0.055944055944055944
LA1127,170,10,0.058823529411764705
LA1128,162,18,0.1111111111111111
LA1129,165,12,0.07272727272727272
LA1130,162,11,0.06790123456790123
LA1131,162,13,0.08024691358024691
LA1132,143,13,0.09090909090909091
LA1133,162,19,0.11728395061728394
LA1134,171,12,0.07017543859649122
LA1135,152,17,0.1118421052631579
LA1136,164,7,0.042682926829268296
LA1137,141,12,0.0851063829787234
LA1138,153,13,0.08496732026143791
LA1139,157,8,0.050955414012738856
LA1140,179,10,0.055865921787709494
LA1141,148,11,0.07432432432432433
LA1142,151,18,0.11920529801324503
LA1143,156,13,0.08333333333333333
LA1144,179,20,0.11173184357541899
LA1145,174,17,0.09770114942528736
LA1146,141,11,0.07801418439716312
LA1147,149,14,0.09395973154362416
LA1148,172,7,0.040697674418604654
LA1149,142,7,0.04929577464788732
LA1150,174,17,0.09770114942528736
LA1151,151,15,0.09933774834437085
LA1152,176,11,0.0625
LA1153,151,12,0.07947019867549669
LA1154,157,13,0.08280254777070063
LA1155,166,17,0.10240963855421686
LA1156,145,12,0.08275862068965517
LA1157,162,12,0.07407407407407407
LA1158,160,12,0.075
LA1159,171,13,0.07602339181286549
LA1160,179,16,0.0893854748603352
LA1161,166,17,0.10240963855421686
LA1162,156,12,0.07692307692307693
LA1163,156,10,0.0641025641025641
LA1164,156,10,0.0641025641025641
LA1165,172,16,0.09302325581395349
LA1166,152,15,0.09868421052631579
LA1167,146,8,0.0547945205479452
LA1168,153,7,0.0457516339869281
LA1169,140,12,0.08571428571428572
LA1170,144,8,0.05555555555555555
LA1171,143,14,0.0979020979020979
LA1172,170,12,0.07058823529411765
LA1173,168,10,0.05952380952380952
LA1174,167,18,0.10778443113772455
LA1175,158,9,0.056962025316455694
LA1176,168,11,0.06547619047619048
LA1177,146,8,0.0547945205479452
LA1178,176,10,0.056818181818181816
LA1179,160,6,0.0375
